model,RMSE,MAE,MAPE,R2,WAPE,AUC_ROC,F1,Dir_Accuracy,weather
naive,1950.5073,1070.2398,41.1589,0.5388,25.2458,0.6153,0.5396,62.9519,Yes
ridge,1181.9042,692.5671,29.0924,0.8307,16.3369,0.5431,0.4447,56.3756,Yes
random_forest,1060.2035,610.3649,28.022,0.8637,14.3979,0.569,0.5017,57.5674,Yes
xgboost,1037.8799,598.3516,30.2703,0.8694,14.1145,0.5672,0.497,57.5447,Yes
lightgbm,1034.0764,597.8301,30.7998,0.8704,14.1022,0.5703,0.5037,57.672,Yes
xgboost_no_weather,194.2962,152.5423,6.4971,0.8542,6.1084,0.6814,0.6263,68.6738,No
lightgbm_no_weather,198.3091,157.2694,6.6936,0.8481,6.2977,0.6683,0.6025,67.5178,No
random_forest_no_weather,192.0791,150.2905,6.368,0.8575,6.0182,0.6952,0.6395,70.1347,No
ridge_no_weather,207.8259,165.155,7.0826,0.8332,6.6135,0.624,0.4367,64.469,No
