date,interval_arbitrage,confidence_weighted,unhedged,hedged
2025-01-01,9902539.626381615,0.0,-13924095.572456585,-13924095.572456587
2025-01-01,10477796.43008524,1296147.0,-12482449.023043685,-12482449.023043683
2025-01-01,11332766.093011912,-894763.0,-15361621.079457957,-15361621.079457957
2025-01-01,5434410.676775354,5115264.0,-7933569.95325773,-7933569.95325773
2025-01-01,5071075.201977931,4315297.0,-6965310.259700291,-6965310.259700292
2025-01-01,2567198.3246450042,14430254.0,-5760082.363385135,-5760082.363385135
2025-01-01,1148810.2067429025,1845263.0,-5165479.227242958,-5165479.227242958
2025-01-01,2185715.0469371006,1497654.0000000002,-5228144.471081454,-5228144.471081454
2025-01-01,3236566.288745914,2335829.0,-5595812.448880078,-5595812.448880076
2025-01-01,1284524.6936750938,1518022.0,-3366788.618001382,-3366788.618001382
2025-01-01,1521622.9419427593,1879828.0,-3535270.4264699807,-3535270.4264699807
2025-01-01,4454333.465387264,8299579.0,-7097783.109141264,-7097783.109141266
2025-01-01,5213515.237789503,10934015.0,-7201398.688523356,-7201398.688523356
2025-01-01,1538177.1281689738,6421546.0,-5498315.140327441,-5498315.140327441
2025-01-01,2107672.621883696,1952304.0000000005,-4298107.226214538,-4298107.226214538
2025-01-01,250095.33616653353,2014334.0,-2624251.362033224,-2624251.362033224
2025-01-01,3125929.7439095913,-668129.0,-4871695.315481031,-4871695.315481031
2025-01-01,2521917.573819389,810826.0000000002,-4774584.037539538,-4774584.037539538
2025-01-01,4247428.396825443,10118900.0,-7553740.960466994,-7553740.960466994
2025-01-01,7982006.9209596515,5784829.0,-10907338.706318242,-10907338.70631824
2025-01-01,2455725.1837813277,1524439.0000000002,-5388700.284441078,-5388700.284441078
2025-01-01,1452817.016921906,3538318.0000000005,-3572534.1868626378,-3572534.1868626378
2025-01-01,1791233.779334498,596242.9999999998,-3807786.7045102017,-3807786.7045102017
2025-01-01,1669424.0581977856,3945076.0000000005,-3774208.2482036604,-3774208.248203661
2025-01-01,1220535.1051518072,2316707.9999999995,-4064067.9101483137,-4064067.9101483137
2025-01-01,4396782.422985364,10955752.0,-9218930.563705014,-9218930.563705014
2025-01-01,2911115.7788273706,15273114.0,-5562270.238549678,-5562270.238549678
2025-01-01,584669.0644164453,1552140.0000000005,-4672246.239863078,-4672246.239863078
2025-01-01,2073571.2892764702,647011.9999999993,-5220027.848375804,-5220027.848375803
2025-01-01,2805528.2574057956,3118453.0,-4950295.073583805,-4950295.073583804
2025-01-01,1233412.3256683892,2375235.9999999995,-3993606.836807396,-3993606.836807396
2025-01-01,2070649.4698096192,-127325.00000000006,-4486348.73037652,-4486348.73037652
2025-01-01,197255.1628682072,13651977.0,-2124203.669823321,-2124203.6698233206
2025-01-01,4757441.031864954,11061973.0,-7356213.506709114,-7356213.506709114
2025-01-01,636348.7202061804,2028346.9999999998,-3339097.4021000536,-3339097.4021000536
2025-01-01,0.0,1308714.9999999998,-2258870.853356937,-2258870.853356937
2025-01-01,1619918.6975493357,477415.0000000001,-4269747.295031922,-4269747.295031922
2025-01-01,2675741.244139439,-448658.0000000001,-5942584.89583637,-5942584.89583637
2025-01-01,4552191.958372675,-2307402.0,-8614958.534349365,-8614958.534349365
2025-01-01,2019994.1236945179,4513936.999999998,-5205732.044011977,-5205732.044011977
2025-01-01,3368279.668283985,10777809.0,-5241193.006830493,-5241193.006830494
2025-01-01,2077963.5397172335,974257.0000000002,-4068951.0408152207,-4068951.0408152207
2025-01-01,2225687.2275285795,3166317.0,-4158127.756950764,-4158127.756950764
2025-01-01,2305157.0629187673,1281960.0,-3987509.4855634486,-3987509.4855634486
2025-01-01,2098575.3369011288,1623093.9999999998,-4332246.590498278,-4332246.590498277
2025-01-01,3904615.3512153216,1289668.0000000005,-7491934.653469289,-7491934.653469289
2025-01-01,4654899.972270479,5850233.000000001,-7592659.937341772,-7592659.937341772
2025-01-01,1156480.7584362947,11832662.0,-5097912.0971450005,-5097912.0971450005
2025-01-01,2434725.9500861466,-56078.99999999997,-5775255.915955963,-5775255.915955964
2025-01-01,3318988.6796591585,595584.0000000001,-7512464.784774996,-7512464.784774996
2025-01-01,450988.40129739733,1851613.0,-3483456.7222556868,-3483456.722255687
2025-01-01,2485033.499364785,1643762.9999999998,-5487265.538564773,-5487265.538564774
2025-01-01,2220805.8895769557,728923.0000000002,-5942707.961355787,-5942707.961355787
2025-01-01,324033.9876392076,8507992.0,-2993323.9782063644,-2993323.9782063644
2025-01-01,4514145.5518631665,5378048.0,-7769737.55751041,-7769737.55751041
2025-01-01,2321432.2789991135,714199.0,-7504422.382195726,-7504422.382195726
2025-01-01,2347221.6575428443,2141513.9999999995,-7493717.744984252,-7493717.744984252
2025-01-01,3791836.703624258,1714188.0,-8790928.361244818,-8790928.361244818
2025-01-01,5296571.695760893,-2284056.0,-11045142.856316905,-11045142.856316905
2025-01-01,3987357.853339404,4571951.0,-9188526.6816187,-9188526.6816187
2025-01-01,1170994.6377241998,5020492.0,-4291746.964359351,-4291746.964359351
2025-01-01,4233783.19341203,12545219.0,-7556312.694191812,-7556312.694191812
2025-01-01,2106407.0982975634,3006357.0,-6184797.722618192,-6184797.722618192
2025-01-01,1938253.6753841606,882251.0000000002,-5947322.580443446,-5947322.580443446
2025-01-01,1751200.1799092712,605387.9999999998,-6580772.361930354,-6580772.361930354
2025-01-01,7779795.622895047,-211082.99999999988,-12807332.981712693,-12807332.981712691
2025-01-01,7793711.250745063,3074399.9999999995,-12500424.84838573,-12500424.84838573
2025-01-01,192039.66647404357,10648568.0,-2911764.1624686876,-2911764.1624686876
2025-01-01,4188192.1256259517,8415810.0,-9460510.98444389,-9460510.98444389
2025-01-01,2660424.5639503156,1521603.9999999998,-8146286.245195355,-8146286.245195355
2025-01-01,6552745.5608202275,1451861.0000000002,-10568845.83010334,-10568845.83010334
2025-01-01,3190312.7012876123,1293092.0000000002,-9015644.28685001,-9015644.28685001
2025-01-01,7290358.475566848,7979323.999999998,-12829472.24692281,-12829472.246922811
2025-01-01,12267903.774719596,6019306.000000002,-16143317.499994315,-16143317.499994317
2025-01-01,3657276.439034916,2937315.0,-7819547.288280572,-7819547.288280574
2025-01-01,3750767.076968737,8855257.0,-10064356.32976985,-10064356.32976985
2025-01-01,6315092.292555862,-2255940.999999999,-10747669.959162746,-10747669.959162746
2025-01-01,484870.0288552606,4386009.0,-4331030.291726457,-4331030.291726457
2025-01-01,2241592.8403451024,813729.9999999995,-5214341.402536176,-5214341.402536177
2025-01-01,2349514.8198599154,2390922.9999999995,-5154824.7474335255,-5154824.747433526
2025-01-01,3400622.1487022922,1274819.9999999993,-7272731.059824025,-7272731.059824025
2025-01-01,6905731.301307926,10212941.0,-12804831.062340448,-12804831.06234045
2025-01-01,5437974.647989316,9863595.0,-8401908.174974985,-8401908.174974985
2025-01-01,2708284.493359646,2228200.0,-7234215.896250874,-7234215.896250874
2025-01-01,2541907.6325468104,3409606.0,-7333184.137583458,-7333184.137583458
2025-01-01,4502862.763761311,3523423.0000000005,-7430796.902336523,-7430796.902336523
2025-01-01,6152796.522059071,863676.9999999998,-9149268.661816042,-9149268.661816042
2025-01-01,9731653.298769934,-3016682.0,-14192171.655697692,-14192171.655697692
2025-01-01,407461.9654853351,18980085.0,-5239141.818318127,-5239141.818318125
2025-01-01,1185134.5135067683,8623394.0,-5951292.546077687,-5951292.546077687
2025-01-01,8428516.99277075,4347911.0,-11592637.553952891,-11592637.55395289
2025-01-01,7603740.406512246,1913095.0,-10370013.054346401,-10370013.054346403
2025-01-01,11203428.769077454,1077549.0000000002,-15405427.541789662,-15405427.541789662
2025-01-01,13762957.405506296,7600744.999999999,-15243960.722370438,-15243960.722370438
2025-01-01,16273921.407817854,-5367634.0,-19210368.881959118,-19210368.881959118
2025-01-01,1105541.2670181235,6348689.0,-5451532.791771634,-5451532.791771634
2025-01-02,7750094.297870237,20844045.0,-10082820.241184674,-10082820.241184674
2025-01-02,1297218.1267864164,2591479.0,-4866842.645041166,-4866842.645041166
2025-01-02,5416903.570135573,1935441.0000000002,-7434701.887368684,-7434701.887368684
2025-01-02,7302617.116631333,-3542974.0,-10168671.544254197,-10168671.544254197
2025-01-02,2154608.7632689294,5278320.0,-9199028.03250184,-9199028.03250184
2025-01-02,15077620.385732051,7131169.000000001,-20353427.2846224,-20353427.2846224
2025-01-02,9393908.444211034,-4447309.0,-15079017.572391424,-15079017.572391424
2025-01-02,382862.4017247568,14362831.0,-6314017.455832319,-6314017.455832319
2025-01-02,5161012.200927957,3124604.0,-9136310.337858308,-9136310.337858308
2025-01-02,10060400.048775395,3160145.999999999,-13672654.765676191,-13672654.765676191
2025-01-02,6903263.984266065,4605504.0,-10696607.000144962,-10696607.000144962
2025-01-02,8268047.48230178,-1219808.0,-12638145.909802219,-12638145.90980222
2025-01-02,10756332.956567394,-1125504.0,-15638977.295339813,-15638977.295339812
2025-01-02,13714781.16481519,4988669.0,-20037347.760829173,-20037347.760829173
2025-01-02,5304881.623929837,22388185.0,-7962838.161500822,-7962838.161500822
2025-01-02,5007747.568625929,8078298.0,-9610477.158145178,-9610477.15814518
2025-01-02,10966435.384349443,-883080.0000000003,-13569035.34887571,-13569035.34887571
2025-01-02,11705985.544061758,247093.0,-14480259.67044546,-14480259.67044546
2025-01-02,17412688.16141703,-411674.0000000001,-21217077.13694813,-21217077.13694813
2025-01-02,17013166.24214846,302060.00000000006,-20549002.35486774,-20549002.35486774
2025-01-02,19656811.824724033,7426495.0,-21968446.688135535,-21968446.688135535
2025-01-02,13442943.486732434,7547255.0,-16941719.13615951,-16941719.13615951
2025-01-02,7303151.173123152,6955204.0,-12331229.797879858,-12331229.797879858
2025-01-02,4671727.605948172,496804.9999999999,-9810753.017862387,-9810753.017862387
2025-01-02,4781654.053455482,7182009.0,-12885474.962692676,-12885474.962692674
2025-01-02,7464889.833322169,12743237.0,-10042837.521085847,-10042837.521085847
2025-01-02,0.0,3210638.0,-6810802.22920064,-6810802.22920064
2025-01-02,4231810.100431221,7688878.0,-8174000.156670468,-8174000.156670469
2025-01-02,3095334.109097243,9930593.999999998,-8596342.898371572,-8596342.89837157
2025-01-02,5168529.771612351,3454761.0,-11434487.346263269,-11434487.346263267
2025-01-02,10478175.18182044,4191301.999999999,-14404811.181764498,-14404811.181764498
2025-01-02,12538572.2944028,-782506.9999999998,-16284040.967722833,-16284040.967722833
2025-01-02,6765022.045932212,8404493.0,-11385806.237611279,-11385806.237611277
2025-01-02,8804810.604963228,2879922.0,-12676989.699145634,-12676989.699145632
2025-01-02,5865555.1538597625,4895115.0,-8941312.019827206,-8941312.019827206
2025-01-02,2266524.896354827,12014939.0,-6112425.423739698,-6112425.423739698
2025-01-02,5337979.753971671,1253595.9999999998,-9035229.184352541,-9035229.184352541
2025-01-02,3405534.3356050397,-86240.99999999988,-7154957.522995201,-7154957.522995201
2025-01-02,2433077.4638506314,-284307.00000000035,-6920178.107746172,-6920178.107746172
2025-01-02,7159270.085673353,-2574659.0,-11761378.602544973,-11761378.602544973
2025-01-02,11072225.86935452,4907156.0,-16261211.415501604,-16261211.415501604
2025-01-02,3405336.79828622,12557518.0,-8949297.819310592,-8949297.819310592
2025-01-02,1458287.3584547366,5964970.0,-5691712.092375597,-5691712.092375597
2025-01-02,5610967.285327717,-1596015.9999999998,-10046625.867715357,-10046625.867715359
2025-01-02,6755323.167112225,-2473788.0,-11693234.265548144,-11693234.265548144
2025-01-02,5612862.344245803,1538098.0000000005,-9091530.47183583,-9091530.47183583
2025-01-02,2253988.9634834547,13249721.0,-8712671.94859718,-8712671.94859718
2025-01-02,2782263.0048891013,-591485.0,-9940727.509641571,-9940727.509641571
2025-01-02,1451346.387807198,4948488.0,-8186933.670946331,-8186933.670946331
2025-01-02,7808212.389819693,6659539.0,-11302521.62682082,-11302521.626820818
2025-01-02,2058087.1811819673,3191488.0000000005,-7497124.935121463,-7497124.935121463
2025-01-02,0.0,2577346.9999999995,-4704823.478201938,-4704823.478201937
2025-01-02,7577965.745444544,-840384.0,-12493501.57704233,-12493501.57704233
2025-01-02,9776607.891030839,-1290074.0,-16148617.101774435,-16148617.101774435
2025-01-02,5652308.578904702,-2027573.0000000002,-12056820.969053678,-12056820.969053678
2025-01-02,10478910.327076951,-3648485.0,-17222533.770457752,-17222533.770457752
2025-01-02,14668543.892712032,8425431.0,-17805590.49630055,-17805590.49630055
2025-01-02,9028219.238357522,4384565.0,-15672686.802748378,-15672686.802748378
2025-01-02,8096233.692635673,6628331.0,-12108802.894847235,-12108802.894847237
2025-01-02,6726728.024825464,2770176.9999999995,-10874885.091575716,-10874885.091575718
2025-01-02,3796864.0182651808,2736014.9999999995,-7959175.499552287,-7959175.499552286
2025-01-02,4052914.8620887347,4299150.0,-7394642.195656082,-7394642.195656083
2025-01-02,5522317.158259906,6919974.0,-10484588.564781629,-10484588.56478163
2025-01-02,253994.76051370398,8158605.0,-3398258.7646404523,-3398258.764640452
2025-01-02,6323351.562176804,-1237347.9999999998,-11307583.515963398,-11307583.515963398
2025-01-02,7614191.536932988,439587.99999999965,-10563056.688026637,-10563056.688026637
2025-01-02,13744611.989541048,2348147.0,-16568276.38114762,-16568276.381147621
2025-01-02,20001655.378848474,-3482004.0000000005,-23516682.829387113,-23516682.829387113
2025-01-02,21652128.957859293,-3505061.0,-26138604.22292463,-26138604.22292463
2025-01-02,11721078.39074248,12251112.0,-15353958.333814546,-15353958.333814546
2025-01-02,6112904.017902243,11069940.0,-9882127.482369196,-9882127.482369196
2025-01-02,4989466.137014428,660755.0,-8377965.021655221,-8377965.02165522
2025-01-02,4015537.196113107,16380108.0,-7696855.305109461,-7696855.305109461
2025-01-02,8947934.533588788,-2954211.0,-12887515.370279098,-12887515.370279098
2025-01-02,6784435.1605956135,2505004.0000000005,-12207861.225686045,-12207861.225686047
2025-01-02,4404284.092654446,5916210.0,-9229474.102107372,-9229474.102107374
2025-01-02,4507650.020506695,2653566.0,-9899810.937774071,-9899810.93777407
2025-01-02,5417515.543056947,6997914.0,-9131283.176663643,-9131283.176663643
2025-01-02,2850780.6594609264,2137325.0,-5147588.257833526,-5147588.257833526
2025-01-02,5001701.1064821165,-758419.9999999999,-7197934.510163739,-7197934.510163739
2025-01-02,4828688.545296265,977218.9999999999,-7530872.131653985,-7530872.131653985
2025-01-02,4598229.900475815,3132372.0,-6914610.907696626,-6914610.907696626
2025-01-02,472577.41082039714,2661257.0,-4202863.2113674525,-4202863.2113674525
2025-01-02,3133255.956909631,18485606.0,-6499874.991938561,-6499874.991938561
2025-01-02,7755538.844139795,3794512.9999999995,-12702213.890914764,-12702213.890914764
2025-01-02,5296264.849787145,904159.0,-9589154.597915435,-9589154.597915435
2025-01-02,7966017.282682795,1723863.0000000002,-11780899.001540933,-11780899.001540933
2025-01-02,2810413.037327974,7672908.999999998,-6629054.113550446,-6629054.113550446
2025-01-02,3420880.8981892476,8376615.0,-7205230.783771971,-7205230.783771971
2025-01-02,2323950.318748272,2242966.0,-5250082.222124146,-5250082.222124145
2025-01-02,7374669.66980903,8466822.999999998,-11112201.571121376,-11112201.571121376
2025-01-02,9401944.737633055,2684533.0,-13746105.13567215,-13746105.135672148
2025-01-02,4506823.13890637,6576523.0,-9511370.507010221,-9511370.50701022
2025-01-02,1703266.9035424467,3954803.0,-5138318.795116277,-5138318.795116277
2025-01-02,2730147.394748472,6664193.0,-6318834.279052567,-6318834.279052567
2025-01-02,7121874.354676816,1313126.0000000005,-10308471.303151706,-10308471.303151706
2025-01-03,2322857.977668402,5532190.0,-5419798.664498881,-5419798.664498881
2025-01-03,2914947.4996104757,7521450.0,-7315133.876643954,-7315133.876643955
2025-01-03,1110908.9347382712,9321815.0,-4598089.674331159,-4598089.674331159
2025-01-03,0.0,1851945.0,-4133868.9085055254,-4133868.9085055254
2025-01-03,0.0,2195548.0,-3291549.139884879,-3291549.139884879
2025-01-03,5653767.176026483,5081725.000000001,-7945075.75130621,-7945075.75130621
2025-01-03,0.0,9925041.0,-2830826.6870635757,-2830826.6870635757
2025-01-03,351944.8148119356,252995.9999999997,-4312488.430127948,-4312488.430127948
2025-01-03,181100.837137904,12414397.0,-4664648.600949142,-4664648.600949142
2025-01-03,2687738.79911576,8973155.999999998,-9200211.367010947,-9200211.367010947
2025-01-03,6630457.34943161,737596.9999999995,-10939287.502688698,-10939287.502688698
2025-01-03,9929858.946569845,-3417017.9999999995,-14873063.490965612,-14873063.490965612
2025-01-03,3834295.836319814,3428662.9999999995,-8667590.232676398,-8667590.232676398
2025-01-03,3470619.1115658074,979362.0000000001,-7922098.0055609625,-7922098.0055609625
2025-01-03,1073019.2805154263,3205220.0,-6098073.848631704,-6098073.848631703
2025-01-03,5924339.151278154,17510647.0,-12846021.31131633,-12846021.31131633
2025-01-03,6105036.196099323,10702685.0,-12416777.96257104,-12416777.96257104
2025-01-03,10507757.604486682,1802307.0,-16786186.917422503,-16786186.917422503
2025-01-03,2516970.816938278,6255221.000000001,-7974807.662378934,-7974807.662378935
2025-01-03,5459960.44740564,1227915.9999999993,-10915338.309708059,-10915338.309708059
2025-01-03,4021427.5950117717,3613098.0000000005,-8278104.260615819,-8278104.26061582
2025-01-03,9349762.414318481,-131878.99999999977,-13824318.727408666,-13824318.727408666
2025-01-03,5446552.766328539,7147029.999999999,-12424184.199047787,-12424184.199047787
2025-01-03,778015.7321556634,15853325.0,-5950495.5383952,-5950495.5383952
2025-01-03,2458988.255311488,-139643.0000000003,-10570971.730381984,-10570971.730381984
2025-01-03,597610.1873349316,5750290.0,-6744263.654868336,-6744263.654868335
2025-01-03,0.0,141050.0,-7639574.790400343,-7639574.790400343
2025-01-03,6119026.986636502,1290209.0000000002,-8645533.912571259,-8645533.912571259
2025-01-03,9371713.862175036,1043101.0000000002,-12330296.274905143,-12330296.274905143
2025-01-03,2757611.011833971,12952299.0,-9761418.280768134,-9761418.280768134
2025-01-03,1050577.3677173224,14636422.0,-9184125.928135974,-9184125.928135972
2025-01-03,2803983.375031355,1460690.0,-10167602.785091337,-10167602.785091337
2025-01-03,1492132.40382771,-481733.9999999999,-9733736.929091394,-9733736.929091394
2025-01-03,1396605.1224846041,2361269.0000000005,-7506788.1942615695,-7506788.1942615695
2025-01-03,21680702.61140566,1766859.0,-25813662.898856938,-25813662.898856938
2025-01-03,11606571.199525788,10604815.0,-17915074.987435054,-17915074.987435054
2025-01-03,13016075.992927933,1077471.9999999995,-18478440.1247629,-18478440.1247629
2025-01-03,3761757.0046304343,18287713.0,-11261119.256050076,-11261119.256050076
2025-01-03,3276048.362747696,-1263977.9999999998,-11809831.048609514,-11809831.048609518
2025-01-03,2836712.5373006323,-178639.99999999988,-11982345.960820854,-11982345.960820854
2025-01-03,2786033.234930078,4888735.0,-10262200.79572026,-10262200.79572026
2025-01-03,1339901.7074781419,2336370.0,-8496656.35488896,-8496656.35488896
2025-01-03,2053047.5589638748,2372199.0,-5831320.0069685895,-5831320.00696859
2025-01-03,5570486.639179174,18520383.0,-13078706.617993452,-13078706.617993448
2025-01-03,3390721.6281263437,14498929.0,-8809601.325042889,-8809601.325042889
2025-01-03,1174558.6228390958,388619.0000000006,-7402975.113040146,-7402975.113040147
2025-01-03,3361163.338014506,2057405.0,-9002534.348542657,-9002534.348542657
2025-01-03,5552417.432983323,3527764.0,-10409307.633647807,-10409307.633647805
2025-01-03,4631350.315889758,-1368796.0000000002,-13683327.006607715,-13683327.006607715
2025-01-03,3789427.7472170964,216655.99999999997,-11879230.201896781,-11879230.20189678
2025-01-03,3739373.856811772,9583210.0,-12919864.116911069,-12919864.116911069
2025-01-03,881786.7579242298,8704783.0,-11461235.022021517,-11461235.022021517
2025-01-03,18644261.40676606,-4310800.0,-22279813.530375943,-22279813.53037594
2025-01-03,22553706.794690352,-75216.00000000023,-24658977.761244357,-24658977.761244357
2025-01-03,16914512.97967963,5194175.0,-22052564.195319872,-22052564.195319872
2025-01-03,18445856.486757714,1977099.0,-23613045.51475498,-23613045.514754985
2025-01-03,10452202.938086323,2207060.0,-16525133.34119366,-16525133.341193657
2025-01-03,6870481.187645994,-122152.99999999965,-13858840.327653447,-13858840.327653447
2025-01-03,1204653.3736565013,18979213.0,-7673243.865830218,-7673243.8658302175
2025-01-03,623987.7165212848,1915577.0,-6019774.94054745,-6019774.940547451
2025-01-03,1274142.551411027,2388155.0,-6118222.4274217915,-6118222.4274217915
2025-01-03,2029306.8938453484,2846494.0,-5386287.48768116,-5386287.48768116
2025-01-03,1088530.2146771806,-457662.99999999977,-7777245.3019964835,-7777245.301996483
2025-01-03,581760.4990550086,1443100.9999999998,-6264521.207752395,-6264521.2077523945
2025-01-03,4353445.854108197,10139623.0,-13662283.858766839,-13662283.858766839
2025-01-03,2153983.692941162,15964830.0,-10326159.29610612,-10326159.29610612
2025-01-03,2120658.758759761,-1486670.0,-11324991.907333383,-11324991.907333383
2025-01-03,4942417.326798398,1044733.0,-12385093.329988614,-12385093.329988612
2025-01-03,3156058.0021622702,3066773.0,-10486960.080497934,-10486960.080497934
2025-01-03,2197120.9795336532,664419.0,-9931450.41596072,-9931450.41596072
2025-01-03,3593503.2138947705,1012426.9999999999,-9847102.360034222,-9847102.360034222
2025-01-03,1473198.0079545719,8951557.0,-9922732.463901106,-9922732.463901106
2025-01-03,4084326.1311184145,14526885.0,-8777636.444509525,-8777636.444509525
2025-01-03,1428990.2372859055,622105.9999999999,-8856748.422192875,-8856748.422192875
2025-01-03,2707617.2264375445,2124373.0,-8277532.494642252,-8277532.494642251
2025-01-03,5898476.152961593,2577124.9999999995,-12391008.521276116,-12391008.521276118
2025-01-03,4782004.939055922,1836439.0000000002,-9007078.414437104,-9007078.414437104
2025-01-03,1969120.4741318156,-750041.9999999998,-7272179.840057075,-7272179.840057075
2025-01-03,6883282.529711301,-2857004.0,-15550876.096664434,-15550876.096664436
2025-01-03,4813924.921572697,15956470.0,-11192006.797170015,-11192006.797170015
2025-01-03,4380459.31204895,2009647.9999999998,-12177045.45276263,-12177045.45276263
2025-01-03,1150690.6609164402,10093441.0,-6688990.573669793,-6688990.573669792
2025-01-03,16806364.59301328,-2931744.9999999995,-22010647.789824553,-22010647.78982455
2025-01-03,3647807.3020901736,11313539.0,-12334914.31161934,-12334914.31161934
2025-01-03,1407827.3173016417,3197397.0,-10001170.877137281,-10001170.877137283
2025-01-03,3134344.068193773,3659241.0,-10392527.842244687,-10392527.842244687
2025-01-03,1487834.8408120426,3925716.0,-9442379.821634013,-9442379.821634013
2025-01-03,6713830.093021943,-3989022.0,-13637830.477289397,-13637830.477289395
2025-01-03,2885310.250623124,727059.0,-13387162.599536937,-13387162.599536937
2025-01-03,2439947.343582894,3068415.0,-12724692.030809872,-12724692.030809872
2025-01-03,4936983.467465485,-109120.00000000044,-12450782.68232648,-12450782.68232648
2025-01-03,1571778.3300979752,2790915.0,-10482898.195206791,-10482898.195206791
2025-01-03,8137750.547981452,-1778485.0,-15707907.90935551,-15707907.90935551
2025-01-03,1031457.6695382978,8726548.0,-9611414.500094227,-9611414.500094227
2025-01-03,2902521.553881068,1157972.9999999998,-10686107.871270623,-10686107.871270623
2025-01-03,2828975.5972901215,3082848.0,-7496243.075447491,-7496243.07544749
2025-01-04,3053825.8628773047,-134399.0000000001,-8644940.857051518,-8644940.857051518
2025-01-04,2552802.0583726354,1877722.0000000005,-5403826.05825256,-5403826.05825256
2025-01-04,1904987.2516006422,515753.0000000001,-5797445.751782494,-5797445.751782495
2025-01-04,2473381.100506021,2742506.0,-10418731.07515009,-10418731.075150087
2025-01-04,9948928.671233762,-2205499.0000000005,-14926080.381231844,-14926080.381231844
2025-01-04,4583623.898710705,2646532.0,-11910866.907219887,-11910866.907219887
2025-01-04,4727086.708666557,1813136.0,-12391859.740681985,-12391859.740681985
2025-01-04,1220281.5234568503,427098.0,-9686300.659076944,-9686300.659076946
2025-01-04,0.0,3472605.0,-5402856.275209666,-5402856.275209666
2025-01-04,1087403.4573377068,-246920.99999999988,-8096724.384728285,-8096724.384728283
2025-01-04,1892973.6781703113,-3193041.0,-11942544.05639586,-11942544.05639586
2025-01-04,7384619.252789804,1605798.0,-16566862.881662056,-16566862.881662056
2025-01-04,9213230.254944526,2746438.0,-15012014.71328783,-15012014.71328783
2025-01-04,3494654.733538615,-1811317.0,-12312348.845801653,-12312348.845801655
2025-01-04,14765626.179253748,-2440352.0,-18050738.36674636,-18050738.36674636
2025-01-04,10706452.43309905,3163068.0,-16611018.220788524,-16611018.220788524
2025-01-04,273830.87894076185,8788831.0,-7649619.03277647,-7649619.03277647
2025-01-04,946822.7780953931,329518.00000000023,-9596439.127581531,-9596439.127581531
2025-01-04,1652783.9057585164,8414680.0,-6631039.77588418,-6631039.775884179
2025-01-04,307838.1327182782,-621649.0000000001,-8449730.347579947,-8449730.347579947
2025-01-04,1366159.5404346571,947977.0,-9652839.244129097,-9652839.244129097
2025-01-04,1460676.3434504392,1799730.0,-7712011.1832861025,-7712011.1832861025
2025-01-04,2890249.9377296837,-840330.9999999997,-9543731.977751283,-9543731.977751283
2025-01-04,1301247.2207927012,1233292.9999999998,-10097704.939603454,-10097704.939603455
2025-01-04,6942028.263516741,-2473127.0,-12784850.921817876,-12784850.921817873
2025-01-04,2068003.3562339307,10302113.0,-8065076.51033479,-8065076.510334789
2025-01-04,1943106.522674458,2048522.0,-7365559.966654476,-7365559.966654475
2025-01-04,601191.3169194418,771128.0000000001,-7070821.921896299,-7070821.921896299
2025-01-04,2418947.8118339623,243253.99999999962,-11510570.807843352,-11510570.80784335
2025-01-04,1111340.8997264986,3834836.0,-7789309.708757935,-7789309.708757936
2025-01-04,2541995.870810281,-2190074.0,-11405441.769570645,-11405441.769570645
2025-01-04,8928620.196746863,-2846243.0,-16829282.5136298,-16829282.513629798
2025-01-04,187069.59339981954,11302911.0,-11001891.155700423,-11001891.155700423
2025-01-04,2978174.890867434,-200344.00000000017,-12188873.446600039,-12188873.446600039
2025-01-04,3365775.3209889624,1909577.0,-11481453.138282958,-11481453.138282957
2025-01-04,3884591.444645289,-590554.0,-13014796.555050924,-13014796.555050924
2025-01-04,3524140.920844445,1077770.0,-12871789.45291581,-12871789.45291581
2025-01-04,2454750.041472125,1191793.0,-12200097.551682774,-12200097.551682772
2025-01-04,2123595.9709201385,2680059.0,-10974268.327679023,-10974268.327679023
2025-01-04,827748.4484305443,5957839.999999999,-8596105.598506346,-8596105.598506346
2025-01-04,1539624.3629922094,1385385.0,-10827646.076489463,-10827646.076489463
2025-01-04,2485783.1753178635,128003.00000000003,-11842722.976287015,-11842722.976287015
2025-01-04,3115192.963179547,1075570.0,-12471811.272094766,-12471811.272094766
2025-01-04,3661394.2188478964,814201.0000000003,-13491119.516454674,-13491119.516454674
2025-01-04,4758280.324170919,-273927.0000000004,-13360501.571208099,-13360501.5712081
2025-01-04,2811174.1239619507,1332771.0,-14372952.382786103,-14372952.382786103
2025-01-04,1435610.2333654098,12334346.0,-7384704.679688305,-7384704.679688305
2025-01-04,984933.1054633193,1884618.9999999995,-6826819.377760228,-6826819.377760227
2025-01-04,2114226.831684223,2311761.0,-6504036.094491271,-6504036.094491271
2025-01-04,4257420.24900693,1007302.0000000002,-8038537.385064785,-8038537.385064784
2025-01-04,3260295.3284298037,474406.0,-7676489.8166738525,-7676489.816673854
2025-01-04,2055606.8619143507,570198.0000000002,-7527872.28166605,-7527872.28166605
2025-01-04,1069645.2488576341,8529873.0,-10742664.846719354,-10742664.846719354
2025-01-04,892084.4887068098,7878751.0,-8419331.557030708,-8419331.557030708
2025-01-04,436453.3979032355,3080549.0,-7934978.17810029,-7934978.17810029
2025-01-04,2132487.8642411353,666302.0000000001,-9647914.531053111,-9647914.531053111
2025-01-04,1125895.0296034014,1983581.0000000002,-8708270.554004032,-8708270.554004032
2025-01-04,2438856.672720315,-878958.0000000001,-10034505.847803216,-10034505.847803216
2025-01-04,4273121.274157421,-1609580.9999999998,-13275576.290344216,-13275576.290344216
2025-01-04,5977033.305174612,-915019.0,-14807514.790651936,-14807514.790651936
2025-01-04,3327880.527238001,7423228.0,-11392965.151225481,-11392965.151225481
2025-01-04,8253343.950829691,867908.9999999999,-16135497.29589869,-16135497.29589869
2025-01-04,7000427.094710081,1137253.0,-15409186.809329879,-15409186.809329879
2025-01-04,4576748.1878674915,1287143.0,-13937087.284018174,-13937087.284018174
2025-01-04,4482173.579996628,1669555.0000000005,-12989545.61154338,-12989545.61154338
2025-01-04,1803986.4358131909,2757429.9999999995,-10293830.894398984,-10293830.894398984
2025-01-04,667534.5066134944,3897074.9999999995,-10143594.176461192,-10143594.176461192
2025-01-04,4766662.687689964,15102952.0,-8464431.029953197,-8464431.029953197
2025-01-04,1291781.7368411312,2348601.0,-7197521.488395859,-7197521.488395859
2025-01-04,1159107.9530632575,859686.0000000002,-7214558.995195774,-7214558.9951957725
2025-01-04,321905.6628899906,1608698.0000000002,-2455705.951272122,-2455705.951272122
2025-01-04,1945861.35246078,-127932.00000000006,-3590487.3114012284,-3590487.3114012284
2025-01-04,2896271.488161753,1943447.0000000002,-6325482.08415789,-6325482.08415789
2025-01-04,2845912.064348072,9139136.0,-8147406.931155663,-8147406.931155663
2025-01-04,2301121.78365997,13455557.0,-5608953.294819459,-5608953.294819459
2025-01-04,1768675.1140797427,1194490.0,-4433283.136278773,-4433283.136278773
2025-01-04,1942771.5082672294,2249871.0,-5058580.49530912,-5058580.49530912
2025-01-04,3043641.795584933,1717101.0,-6555252.321093641,-6555252.321093641
2025-01-04,2337689.65156334,4762895.000000001,-5375296.945225724,-5375296.945225725
2025-01-04,4615147.733330862,-869004.0000000002,-7520942.738722377,-7520942.738722378
2025-01-04,4791957.699121264,9037338.0,-6169464.503663761,-6169464.503663761
2025-01-04,2260010.583372909,9099300.0,-5149089.1589366775,-5149089.1589366775
2025-01-04,3869570.733840133,961986.9999999998,-7296397.266681735,-7296397.266681736
2025-01-04,1902091.833376562,4995608.0,-4219986.104572343,-4219986.104572343
2025-01-04,2168775.8783195596,2426623.9999999995,-4887905.380245477,-4887905.380245477
2025-01-04,3770599.8207849325,-208910.9999999997,-6880655.644495936,-6880655.644495935
2025-01-04,2463462.9721178655,1527800.0000000005,-4688449.051409532,-4688449.051409532
2025-01-04,894193.737260214,14397788.0,-3621671.1556199677,-3621671.1556199677
2025-01-04,7582805.725316524,12943739.0,-10655742.715335421,-10655742.715335423
2025-01-04,3057260.7930196915,1338930.0,-7980214.663296363,-7980214.663296362
2025-01-04,604442.1886551193,4392502.0,-3053012.5935683125,-3053012.5935683125
2025-01-04,1404573.8753595087,1238626.0,-3531213.5542414533,-3531213.554241453
2025-01-04,846916.5095157069,1168357.0000000002,-2480990.7428603843,-2480990.7428603843
2025-01-04,3359053.8027025773,4392432.0,-4571502.904764328,-4571502.904764328
2025-01-04,0.0,6080089.0,-1723951.8538685949,-1723951.8538685949
2025-01-04,6594340.794347537,-1803814.0,-11689397.310234047,-11689397.310234047
2025-01-05,7080425.097695843,-349158.0000000002,-11590943.31286033,-11590943.31286033
2025-01-05,3970757.176121325,-1764311.0,-8010706.853290396,-8010706.853290396
2025-01-05,3869705.174087188,3480953.0,-5714977.76340311,-5714977.76340311
2025-01-05,4284697.458388514,1403954.0,-5587023.92777947,-5587023.92777947
2025-01-05,273423.1891403998,7572722.0,-1995640.7044050435,-1995640.7044050435
2025-01-05,0.0,4304079.0,-2807311.6623181207,-2807311.6623181207
2025-01-05,1573775.0568644188,2087225.9999999995,-5443687.65820574,-5443687.65820574
2025-01-05,2098137.6547986628,6463546.0,-4643246.954916401,-4643246.954916401
2025-01-05,1782142.2830901528,1062444.0000000002,-3979335.85545903,-3979335.85545903
2025-01-05,616884.2457827628,1986653.0,-3995240.0752195446,-3995240.0752195446
2025-01-05,473779.4335209116,-77013.99999999971,-4140881.4794414714,-4140881.4794414714
2025-01-05,906520.1838900459,1041103.0,-4632984.337692041,-4632984.337692041
2025-01-05,406606.65469899867,1059260.0,-2916271.131993469,-2916271.131993469
2025-01-05,0.0,4942907.0,-1413830.188276507,-1413830.188276507
2025-01-05,0.0,330947.0000000002,-1873814.155939246,-1873814.155939246
2025-01-05,0.0,2161476.0,-3115245.892665427,-3115245.892665427
2025-01-05,1121916.2611928561,599516.0,-3691601.233516147,-3691601.2335161474
2025-01-05,3061730.5542288814,-574828.9999999998,-7200383.735213028,-7200383.735213028
2025-01-05,2931000.66597566,-258903.0,-6985751.820370903,-6985751.820370903
2025-01-05,2064060.4506355342,875285.0000000006,-6264165.678965498,-6264165.678965498
2025-01-05,1117751.1142745023,5009562.0,-3498934.3197086244,-3498934.3197086244
2025-01-05,3136909.8885217626,335447.0,-6794907.0304990895,-6794907.0304990895
2025-01-05,1211458.3016242678,2220615.0,-3673156.610206482,-3673156.610206481
2025-01-05,1270655.2381723602,4056273.0,-3291184.285804474,-3291184.285804474
2025-01-05,1592854.6716235632,-956577.0000000007,-4226172.099148774,-4226172.0991487745
2025-01-05,2073665.9499882825,-167109.99999999965,-4412840.4710628055,-4412840.4710628055
2025-01-05,491429.80918053864,6471759.0,-2863010.1099377684,-2863010.1099377684
2025-01-05,1456649.907844528,8626871.0,-3787100.421015463,-3787100.421015463
2025-01-05,2563106.943863796,-882943.0000000001,-6898723.732888742,-6898723.732888743
2025-01-05,1291902.2743975616,3501683.0,-5765740.444903446,-5765740.444903446
2025-01-05,1022070.015607445,1577154.0,-5674116.435256003,-5674116.435256003
2025-01-05,3365006.1673096158,-1823087.0,-9113436.473939149,-9113436.473939149
2025-01-05,7008632.519571901,-3912260.0,-13616271.707904954,-13616271.707904954
2025-01-05,2630736.7086178106,-873296.9999999999,-9222411.451022826,-9222411.451022826
2025-01-05,2762329.854054611,10005717.0,-5171976.174744737,-5171976.174744737
2025-01-05,3728604.1016106294,279008.00000000023,-6206387.005654298,-6206387.005654298
2025-01-05,9833034.25374328,-611967.9999999995,-15739915.909842234,-15739915.909842234
2025-01-05,7642414.870389208,-1159967.0,-12544320.852871805,-12544320.852871805
2025-01-05,6220035.921072257,-159629.00000000003,-10644407.686098369,-10644407.68609837
2025-01-05,2916402.794491468,3733917.0,-5739082.1749862265,-5739082.1749862265
2025-01-05,658446.5761386352,10552911.0,-3504584.7147503286,-3504584.7147503286
2025-01-05,3335448.6680014897,6748567.999999998,-7859711.411592333,-7859711.411592333
2025-01-05,7950079.270622066,3334408.9999999995,-13584245.737449676,-13584245.737449676
2025-01-05,8637773.142794434,-2345194.0,-16465937.69820374,-16465937.698203739
2025-01-05,6417763.905913635,6561630.0,-13363755.45714197,-13363755.45714197
2025-01-05,14056059.219024073,4499718.000000001,-17136458.232246913,-17136458.232246913
2025-01-05,23157504.44388024,1153611.9999999995,-25173852.27234332,-25173852.27234332
2025-01-05,14919997.581204075,2087679.0000000007,-18195571.375107203,-18195571.375107206
2025-01-05,13783290.985768307,9862520.0,-15274418.173576247,-15274418.173576249
2025-01-05,6630557.463574868,478675.99999999953,-8939193.34474272,-8939193.34474272
2025-01-05,3803694.5902417353,1231915.0,-8612189.82394858,-8612189.82394858
2025-01-05,3040639.64636297,8136796.0,-7785206.701171954,-7785206.701171953
2025-01-05,24985645.32188528,-14181915.0,-28353463.64402838,-28353463.64402838
2025-01-05,32496846.220164485,94051.99999999952,-36870101.035938405,-36870101.035938405
2025-01-05,28368211.135816444,6151289.0,-30870227.035964593,-30870227.03596459
2025-01-05,12871602.166265126,12976802.0,-17476452.193673406,-17476452.193673406
2025-01-05,8192910.905804309,7689952.0,-13388677.50664837,-13388677.50664837
2025-01-05,2559927.250185551,5028539.0,-5957003.50310292,-5957003.503102921
2025-01-05,5188898.926586472,196678.9999999994,-10856695.17971912,-10856695.17971912
2025-01-05,2450616.6199491024,1358880.0000000005,-7667317.7847281415,-7667317.7847281415
2025-01-05,2835684.9967777985,-3064428.0000000005,-9778165.790143546,-9778165.790143546
2025-01-05,443696.3959530861,182441.99999999977,-6018316.274026799,-6018316.274026799
2025-01-05,2387012.924086746,568105.0000000002,-8393003.134848889,-8393003.134848889
2025-01-05,9241525.886167565,1818821.0,-13623336.827114023,-13623336.827114023
2025-01-05,21941664.4400442,4693416.0,-23434527.23832839,-23434527.23832839
2025-01-05,8733054.183633437,4780073.0,-12395664.705487926,-12395664.705487927
2025-01-05,7351373.457549662,1257123.0,-12689161.803558666,-12689161.803558666
2025-01-05,3402915.656625989,1762169.0,-7535794.124848225,-7535794.124848225
2025-01-05,1583969.2998614875,2721633.999999999,-6407881.343288398,-6407881.343288397
2025-01-05,6426539.543195838,18279941.0,-8287833.786771104,-8287833.786771104
2025-01-05,23001015.1433943,10316488.0,-24763931.585619383,-24763931.58561938
2025-01-05,11310855.971166443,12653020.0,-14578155.527587386,-14578155.527587386
2025-01-05,13773882.478845445,-1014318.9999999998,-19558183.1321052,-19558183.1321052
2025-01-05,4350477.511489123,10470507.0,-7914982.276348364,-7914982.276348364
2025-01-05,2408986.624242317,6208279.0,-6104104.645389222,-6104104.645389223
2025-01-05,2156500.6931824367,7707838.0,-6847784.305017505,-6847784.305017505
2025-01-05,8671965.894824296,-1272430.9999999998,-15286936.878199413,-15286936.878199412
2025-01-05,18874052.75883061,-3400374.0,-22637156.255540982,-22637156.255540982
2025-01-05,25118521.62898828,140988.0000000001,-29155111.38541069,-29155111.385410693
2025-01-05,24914429.309155554,3916686.0,-28287490.03042817,-28287490.030428175
2025-01-05,19895033.222368218,3695149.0,-24091767.068699278,-24091767.068699278
2025-01-05,20790217.609801963,2956248.0,-25823593.222512294,-25823593.222512297
2025-01-05,16007362.08088067,1974954.0000000002,-22513245.550055962,-22513245.550055962
2025-01-05,4580752.884645992,21555778.0,-10073023.274869854,-10073023.274869852
2025-01-05,4677109.487187015,596879.9999999995,-10274523.913309818,-10274523.913309818
2025-01-05,2905499.3377162255,3568889.0,-6295794.325476121,-6295794.325476121
2025-01-05,3863702.0788230537,2656097.0,-9016667.691694144,-9016667.691694144
2025-01-05,518585.69628896366,5552576.999999999,-6841554.22289053,-6841554.22289053
2025-01-05,1068580.238479813,2060882.0,-6413697.618038092,-6413697.618038094
2025-01-05,8567519.137014875,-918511.0000000001,-14285880.222775884,-14285880.22277588
2025-01-05,867921.320020433,4572917.999999999,-6100688.975520147,-6100688.975520148
2025-01-05,2090063.5182650888,908951.0,-8480671.154525805,-8480671.154525805
2025-01-05,462858.73568763275,-159471.00000000003,-4664753.305428831,-4664753.305428831
2025-01-05,3758874.0710816393,-804019.0,-8346509.403138043,-8346509.403138043
2025-01-05,10515464.9537763,228978.99999999988,-15808940.132637901,-15808940.132637901
2025-01-05,17308102.11358707,-1056766.0000000005,-21271883.345186267,-21271883.345186267
2025-01-06,24352774.64826785,2944146.0000000005,-28649707.834425904,-28649707.834425904
2025-01-06,28867978.44472391,-2156640.0000000005,-31520499.062750936,-31520499.062750936
2025-01-06,31839889.961652685,3013746.0,-33969237.74794133,-33969237.74794133
2025-01-06,18974749.224121176,5187608.0,-22393919.249039248,-22393919.249039248
2025-01-06,9022650.674115065,5717085.0,-12907877.979414921,-12907877.979414921
2025-01-06,6711915.461210057,9928509.0,-14728680.544689044,-14728680.544689044
2025-01-06,6426534.037327294,7187815.0,-15253988.51197462,-15253988.511974618
2025-01-06,7579890.933776467,8325275.999999999,-15363306.490654115,-15363306.490654115
2025-01-06,14908601.225541567,3978036.9999999995,-19526067.571198333,-19526067.57119833
2025-01-06,5471076.061277365,5667220.0,-13948861.435193464,-13948861.435193464
2025-01-06,3947400.230941091,6350106.000000001,-12354498.294937827,-12354498.294937827
2025-01-06,12262511.703979399,776150.9999999995,-19306978.40714794,-19306978.40714794
2025-01-06,9953685.527857393,3670370.0000000005,-16098982.91954986,-16098982.91954986
2025-01-06,6173402.684227403,2311389.9999999995,-11802769.208223999,-11802769.208223999
2025-01-06,7186309.316038933,2648697.0,-14769553.845967084,-14769553.845967084
2025-01-06,5918672.248951042,13228167.0,-11902311.04436489,-11902311.04436489
2025-01-06,6334244.998641857,3954382.0,-12005256.886981433,-12005256.886981435
2025-01-06,276245.1122159344,10998954.0,-4464312.085857834,-4464312.085857835
2025-01-06,0.0,1468341.0,-4979119.376624348,-4979119.376624348
2025-01-06,3760192.8358135447,1815421.0000000007,-7751005.5490622595,-7751005.54906226
2025-01-06,6587880.404238809,-82189.99999999991,-11167150.377007294,-11167150.377007296
2025-01-06,6832904.642620074,7572640.0,-12573584.186923387,-12573584.186923387
2025-01-06,2769451.889045843,7734387.000000001,-10216650.385052271,-10216650.385052271
2025-01-06,1750750.4915607723,964233.9999999999,-9332665.382512657,-9332665.382512659
2025-01-06,12967599.592698278,690961.0000000002,-15653646.604641605,-15653646.604641605
2025-01-06,2592237.7092826627,1056385.0000000002,-8872598.17324026,-8872598.17324026
2025-01-06,2697661.0933080846,4075071.0,-6202135.666979944,-6202135.666979943
2025-01-06,5976896.581462651,1449634.0,-8670534.841637779,-8670534.841637779
2025-01-06,11110536.091948375,5363079.0,-14457052.509965736,-14457052.509965738
2025-01-06,10529175.912719574,3494570.9999999995,-15278612.20182753,-15278612.201827532
2025-01-06,13290210.269724492,-2737582.0,-17266416.074854665,-17266416.074854665
2025-01-06,8039518.394506544,-740213.0000000002,-11382691.706372604,-11382691.706372604
2025-01-06,3890127.824530483,2722669.0,-7089827.7719903095,-7089827.7719903095
2025-01-06,1694276.246346789,7219264.0,-5694595.18865425,-5694595.18865425
2025-01-06,14866532.495254114,-1770658.9999999998,-19112329.318911023,-19112329.31891102
2025-01-06,5380536.20188873,8218901.0,-13131677.279936641,-13131677.279936641
2025-01-06,5059833.650126511,15316475.0,-10344944.29017891,-10344944.290178908
2025-01-06,1418451.6514715422,8220612.0,-6705911.903382332,-6705911.903382332
2025-01-06,1877923.7249983293,2554335.0,-5253522.905807847,-5253522.905807846
2025-01-06,1739348.809476971,311290.0,-5101612.510966985,-5101612.510966985
2025-01-06,9935840.373921588,-2134785.0,-12299969.363224288,-12299969.363224288
2025-01-06,4673488.548979033,9391349.0,-8333661.438134062,-8333661.438134062
2025-01-06,8314979.151330622,1225998.0,-13344290.094125178,-13344290.094125178
2025-01-06,10991414.281562004,2485923.0,-16025722.848284464,-16025722.848284462
2025-01-06,7411006.102241052,1135117.0,-12756787.348235354,-12756787.348235354
2025-01-06,5108638.888811071,582420.9999999998,-9676217.009892307,-9676217.009892311
2025-01-06,3257279.0925356373,7110932.0,-6997943.830840079,-6997943.830840079
2025-01-06,13173716.399561986,-3104513.0,-17685344.64077598,-17685344.64077598
2025-01-06,18771127.449936047,-2134555.0000000005,-23865905.001642834,-23865905.001642834
2025-01-06,17563084.305543333,-3144997.0,-23730603.045096673,-23730603.045096673
2025-01-06,17390460.109761838,12174428.0,-21402385.979929075,-21402385.979929075
2025-01-06,12618892.862915572,5377561.0,-16566478.734903235,-16566478.734903239
2025-01-06,5440421.692056381,6709346.999999998,-8562330.196706956,-8562330.196706956
2025-01-06,6112944.142118453,4005501.0,-9055302.081110248,-9055302.081110246
2025-01-06,20067939.69771975,-2383350.0,-21989032.729203597,-21989032.729203597
2025-01-06,3664464.6925514634,2402854.0,-8500371.181910159,-8500371.181910159
2025-01-06,5522281.583153596,6362682.0,-10540123.031157337,-10540123.031157337
2025-01-06,4703336.206343864,5811441.0,-8725125.35324508,-8725125.35324508
2025-01-06,3316894.4420010904,2206168.0,-10385820.27254387,-10385820.27254387
2025-01-06,7508886.357225068,5774260.0,-12218249.144305348,-12218249.144305348
2025-01-06,8453696.783953296,2206810.0000000005,-11890116.00003441,-11890116.00003441
2025-01-06,5546670.570223099,8652716.0,-10434499.328941192,-10434499.328941192
2025-01-06,13946893.256048676,829236.0,-18443186.521432832,-18443186.521432832
2025-01-06,23184279.782068834,2612820.0,-25717214.816636615,-25717214.816636615
2025-01-06,19149766.78852373,1582727.0,-23319860.76219423,-23319860.762194235
2025-01-06,15718876.273287777,2334982.0,-19643474.370525435,-19643474.370525435
2025-01-06,19418261.825088702,2907725.0,-22486265.905382022,-22486265.905382022
2025-01-06,9315459.74576187,8919991.0,-13366470.094866524,-13366470.094866522
2025-01-06,4817139.026893652,5867167.0,-9568647.648361873,-9568647.648361873
2025-01-06,2755560.18632205,1282740.0000000005,-10001061.503666269,-10001061.503666267
2025-01-06,3943100.5516230525,7132651.0,-9072341.869595716,-9072341.869595716
2025-01-06,975800.0415326583,14561952.0,-7722765.726034911,-7722765.726034911
2025-01-06,20547232.204143383,-8453810.0,-24763117.932619736,-24763117.932619736
2025-01-06,20473940.018179335,2447089.0000000005,-25562774.000317864,-25562774.000317864
2025-01-06,23829516.73531234,-1185350.0,-29137583.880158458,-29137583.88015846
2025-01-06,19179868.976343244,10804720.0,-23298977.568541557,-23298977.568541557
2025-01-06,21912963.329512965,-1538351.0,-26701126.97012771,-26701126.970127705
2025-01-06,22596452.099082503,5103322.0,-27085653.07299219,-27085653.072992194
2025-01-06,7243065.865764461,30039187.0,-11734010.560790548,-11734010.560790546
2025-01-06,1649149.1264796983,6814468.0,-6500886.920891519,-6500886.92089152
2025-01-06,315313.7807443319,1727661.0,-4773389.706156068,-4773389.706156067
2025-01-06,12411653.689305488,102499.99999999959,-16202657.640560804,-16202657.640560806
2025-01-06,14748273.991470346,-2073665.0,-17049337.393959723,-17049337.393959723
2025-01-06,22071530.292041495,-3200.0000000001746,-24358076.752534404,-24358076.752534404
2025-01-06,20898520.484262533,8190419.0,-23541930.52726348,-23541930.52726348
2025-01-06,13579733.099086419,2713951.0,-16361460.134127636,-16361460.134127636
2025-01-06,8325501.88779966,801135.0000000005,-11017641.67947328,-11017641.679473283
2025-01-06,3069204.1626194324,12344193.0,-5857439.807803567,-5857439.807803567
2025-01-06,1530828.5205531046,2070569.9999999995,-4120910.3157084696,-4120910.3157084696
2025-01-06,2943087.534930631,8095526.0,-7159774.489236593,-7159774.489236593
2025-01-06,3371982.364779905,249651.00000000017,-8313356.574128317,-8313356.574128317
2025-01-06,8499711.965423211,5620025.0,-10804435.052774416,-10804435.052774418
2025-01-06,8432788.614360841,5650148.000000001,-12107074.019470226,-12107074.019470226
2025-01-06,1644691.9270014586,3618534.0,-5769964.5177407935,-5769964.5177407935
2025-01-06,6519993.391919255,2120249.0,-11519782.144188657,-11519782.144188657
2025-01-06,2902506.5557169653,-424176.99999999977,-7392623.316132293,-7392623.316132293
2025-01-07,2253149.334841181,3772433.0,-5854324.078054788,-5854324.078054788
2025-01-07,1710426.144493043,4386038.0,-5099301.228622759,-5099301.228622759
2025-01-07,4394609.704253636,3449359.0000000005,-11033955.681680106,-11033955.681680106
2025-01-07,7236534.005162861,11360263.0,-11681082.077652134,-11681082.077652132
2025-01-07,10245440.981587177,4259919.0,-12975394.088672481,-12975394.088672481
2025-01-07,2998686.4004916935,9495815.0,-8351023.61781983,-8351023.617819831
2025-01-07,2086257.1045134282,2672714.0,-9308915.798154958,-9308915.798154958
2025-01-07,6617493.732528773,606358.9999999998,-13603669.234885465,-13603669.234885465
2025-01-07,12634554.001695776,-2034180.0,-17756310.002153568,-17756310.002153568
2025-01-07,9386772.344543764,6427638.0,-16957209.651410915,-16957209.651410915
2025-01-07,6455883.3108573835,13048030.0,-14569877.197197273,-14569877.197197273
2025-01-07,10461709.643168649,1384931.9999999995,-17783984.707520146,-17783984.707520146
2025-01-07,3768851.6345436703,5809399.0,-11518865.718053542,-11518865.718053544
2025-01-07,1814355.9984784736,6956240.0,-7095796.489467829,-7095796.489467829
2025-01-07,3839052.3166194097,2385349.0,-9747410.638316238,-9747410.638316238
2025-01-07,18247502.420545474,-9441390.0,-24130794.79071533,-24130794.79071533
2025-01-07,13473313.625344653,-2004356.0000000005,-22223072.139427617,-22223072.139427617
2025-01-07,15026562.290458199,18679893.0,-23376424.64553034,-23376424.645530343
2025-01-07,28484349.469349578,-1507408.0,-34233831.00557183,-34233831.00557183
2025-01-07,21523467.070049014,-122496.99999999997,-25945854.13651301,-25945854.13651301
2025-01-07,21888791.34107051,2872084.0,-29249179.39223981,-29249179.39223981
2025-01-07,17010266.859456044,7202981.999999998,-24339231.660045512,-24339231.660045512
